{
  "experiment": "dissociation_analysis",
  "all_dissociate": true,
  "conditions": {
    "cnn_cifar": {
      "name": "cnn_cifar",
      "lr_fractions": [
        0.05,
        0.1,
        0.15,
        0.2,
        0.3,
        0.4,
        0.5,
        0.6,
        0.7,
        0.8,
        0.9,
        0.95
      ],
      "lam_means": [
        0.0002543457746896335,
        0.0006467139995673322,
        0.0018705405283331547,
        0.0010996676366774884,
        0.00025020068661841166,
        8.412569324906799e-05,
        -1.4222607464570738e-05,
        -9.833586223910444e-05,
        -0.000184528228266354,
        -0.0002590910043308223,
        -0.000325228441777768,
        -0.00036113098003378495
      ],
      "lam_stds": [
        8.892423180416403e-05,
        0.0003555649226553531,
        0.00011858667032450922,
        0.0003640409807057101,
        7.599753921963486e-05,
        4.856144133555041e-05,
        2.536245771714239e-05,
        2.936505722980014e-05,
        2.9376059012889852e-05,
        2.0636141442800743e-05,
        2.7809357988672927e-05,
        2.5753476581222175e-05
      ],
      "d2_means": [
        0.9853704042227015,
        1.0310351597718845,
        1.2878531263331232,
        2.6334226780097976,
        3.6697385592726177,
        3.460959740077132,
        3.095414492210289,
        2.7225403766755933,
        2.4201338025864505,
        2.1477413180970517,
        1.9963726060298754,
        1.9209180073854906
      ],
      "d2_stds": [
        0.004597057997236966,
        0.015361279100242976,
        0.12457079046389026,
        0.6202900468525631,
        0.08335856034794353,
        0.09046605026838236,
        0.11168201990603044,
        0.09928907099871898,
        0.07038059846593367,
        0.06007819280411732,
        0.06362824750673975,
        0.03713239327959429
      ],
      "peak_lam_frac": 0.15,
      "peak_lam_value": 0.0018705405283331547,
      "peak_lam_std": 0.00011858667032450922,
      "peak_d2_frac": 0.3,
      "peak_d2_value": 3.6697385592726177,
      "peak_d2_std": 0.08335856034794353,
      "dissociates": true,
      "frac_gap": 0.15,
      "n_seeds": 10,
      "n_params": 268650
    },
    "mlp_cifar_w50": {
      "name": "mlp_cifar_w50",
      "lr_fractions": [
        0.05,
        0.1,
        0.15,
        0.2,
        0.25,
        0.3,
        0.4,
        0.5,
        0.6,
        0.7,
        0.8,
        0.9
      ],
      "lam_means": [
        5.460436406470456e-05,
        0.00016032687821625788,
        0.0002748254521725975,
        0.00036686608874376264,
        0.000426456142205105,
        0.001071066359496106,
        0.004721125749099268,
        0.0038799399648950794,
        0.0022462348635385767,
        0.0006917524492270696,
        0.0005874043496564085,
        0.00039484049086959473
      ],
      "lam_stds": [
        3.953589226487599e-05,
        4.5610079072970596e-05,
        5.541716114384459e-05,
        5.9971373434210955e-05,
        4.6285487120651455e-05,
        0.0011361821545570704,
        0.0016069409399003941,
        0.0005317059280645464,
        0.0011981884306643089,
        0.0008743322892750351,
        0.0006302897780105136,
        0.0007005273006930213
      ],
      "d2_means": [
        0.9696576966441233,
        0.9820753659163584,
        0.9825155278868196,
        0.9823260559334193,
        0.9816148779244422,
        0.9711079476338474,
        1.1250011211760125,
        1.7367238403000496,
        3.2437772643478686,
        4.076897381120182,
        4.399644775903683,
        4.610245117098805
      ],
      "d2_stds": [
        0.000990836662414239,
        0.0008681495032265443,
        0.0005049599483231755,
        0.0010985700177065566,
        0.001070068580977181,
        0.007826504897319956,
        0.05535589322045845,
        0.2635919401848001,
        0.3341234886854253,
        0.11407326876078895,
        0.09988856776511514,
        0.09905316930870792
      ],
      "peak_lam_frac": 0.4,
      "peak_lam_value": 0.004721125749099268,
      "peak_lam_std": 0.0016069409399003941,
      "peak_d2_frac": 0.9,
      "peak_d2_value": 4.610245117098805,
      "peak_d2_std": 0.09905316930870792,
      "dissociates": true,
      "frac_gap": 0.5,
      "n_seeds": 10,
      "n_params": 156710
    },
    "mlp_cifar_w85": {
      "name": "mlp_cifar_w85",
      "lr_fractions": [
        0.05,
        0.1,
        0.15,
        0.2,
        0.25,
        0.3,
        0.4,
        0.5,
        0.6,
        0.7,
        0.8,
        0.9
      ],
      "lam_means": [
        3.874940642198215e-05,
        0.00015821623749359475,
        0.0002459875701363838,
        0.00032274838286562086,
        0.00038447227227325945,
        0.00042137943933780696,
        0.0037639937604957248,
        0.004704833925896516,
        0.002996493391945411,
        0.001263616631084505,
        0.0008177566871585487,
        0.0003176641813647766
      ],
      "lam_stds": [
        2.1443587692435675e-05,
        3.4016686176672944e-05,
        3.653648226126499e-05,
        4.332612697477011e-05,
        5.025668523345801e-05,
        5.79803200512305e-05,
        0.0013675060595234004,
        0.0008448448587855666,
        0.0008009751357437788,
        0.0008602765250147717,
        0.0009442903664361548,
        0.0005117284934884542
      ],
      "d2_means": [
        0.970072844711669,
        0.9818301846778936,
        0.9840995699110501,
        0.9824935469115218,
        0.981339742675727,
        0.9795972858927862,
        1.093042710714189,
        1.4419500308709325,
        2.698284699140012,
        3.902309255183517,
        4.282727590089355,
        4.373130786837323
      ],
      "d2_stds": [
        0.0017856841855089776,
        0.0004970447158652338,
        0.0019316267354041394,
        0.0021741777358710588,
        0.0008207431325544106,
        0.0011441735172121677,
        0.02798127712161674,
        0.09017921564161523,
        0.38848656916653257,
        0.15748270330460534,
        0.06228303352970837,
        0.0477370873653481
      ],
      "peak_lam_frac": 0.5,
      "peak_lam_value": 0.004704833925896516,
      "peak_lam_std": 0.0008448448587855666,
      "peak_d2_frac": 0.9,
      "peak_d2_value": 4.373130786837323,
      "peak_d2_std": 0.0477370873653481,
      "dissociates": true,
      "frac_gap": 0.4,
      "n_seeds": 10,
      "n_params": 269375
    }
  }
}