{
  "experiment": "small_mlp_cifar_w50",
  "lam_max": 15.506707014770654,
  "lr_eos": 0.12897644858414706,
  "lr_fractions": [
    0.05,
    0.15,
    0.3,
    0.5,
    0.9
  ],
  "test_lrs": [
    0.006448822429207354,
    0.019346467287622057,
    0.038692934575244115,
    0.06448822429207353,
    0.11607880372573236
  ],
  "n_params": 156710,
  "hidden_dim": 50,
  "n_samples": 2000,
  "seeds_run": [
    0
  ],
  "lr_0": {
    "lyapunov": [
      5.948635406828842e-05
    ],
    "corr_dim": [
      0.9693050788077556
    ],
    "pc1": [
      95.92374420166016
    ],
    "pc2": [
      3.895536422729492
    ],
    "sharpness_series": [
      [
        18.437904880069254,
        17.26470933805831,
        16.571195687531144,
        16.33146553233746,
        16.412884014411247,
        16.454536901261235,
        16.014645796833065,
        15.747753737497987,
        15.810377022824468,
        15.760376403875853,
        15.28427214450494,
        15.544090838669945,
        15.519660810095957,
        15.227412916552566,
        15.480495361058274,
        15.125035802720959,
        15.547455260955758,
        15.595703809914994,
        15.332237144946703,
        15.6165160309356,
        15.821385400908184,
        15.899961145420093,
        15.97651557133213,
        15.904931533292256,
        16.13398473473353,
        16.242188809679647,
        15.714783154413453,
        16.43680966908505,
        16.314950207957736,
        16.381635127392656,
        16.659986360951734,
        16.710915158022544,
        16.200246342301398,
        16.372958383275545,
        16.77106207630277,
        17.218469890423876,
        17.31327248722664,
        17.404785674189043,
        17.22228010706749,
        17.50511572745927,
        16.80743154847005,
        17.724170386045444,
        17.91867508579162,
        17.874493338102184,
        17.739872648799064,
        16.70132554339216,
        17.861130945817422,
        18.167604766535078,
        18.55886672559427
      ]
    ]
  },
  "lr_1": {
    "lyapunov": [
      0.0001998276200738832
    ],
    "corr_dim": [
      0.9836271612853896
    ],
    "pc1": [
      96.12350463867188
    ],
    "pc2": [
      3.636139154434204
    ],
    "sharpness_series": [
      [
        17.09967838823468,
        15.82610514183034,
        15.38768284683465,
        15.161128399362497,
        15.132267900935403,
        15.457493654474092,
        15.271012859029724,
        16.00950388498677,
        15.87866653715173,
        16.603305407472362,
        16.683108678695135,
        17.17876761201478,
        17.509841592560406,
        17.136587412467634,
        18.123658553073255,
        17.916651037550764,
        18.71467313944413,
        18.802451598294283,
        19.327872675410617,
        19.756102131403168,
        18.98242760291396,
        20.521051838135463,
        20.879389737543534,
        21.006609970550926,
        21.6837719054638,
        22.125765694367146,
        22.484282747962425,
        22.970983032024378,
        23.398757505408867,
        23.84453590719204,
        24.303573208409944,
        24.76133195157672,
        22.203990978348884,
        22.51846127288445,
        25.593421989480703,
        26.681660233396542,
        27.183910662872222,
        27.695073959755973,
        28.208773018159263,
        28.733666890151653,
        29.226845082426735,
        29.77653234364334,
        30.34102169588732,
        30.884414163043402,
        31.16470832439518,
        31.793017345979024,
        32.56414377514011,
        33.12752554677354,
        33.74176612665906
      ]
    ]
  },
  "lr_2": {
    "lyapunov": [
      0.00038032671126814833
    ],
    "corr_dim": [
      0.9539032401780473
    ],
    "pc1": [
      91.5897216796875
    ],
    "pc2": [
      6.853089332580566
    ],
    "sharpness_series": [
      [
        16.363009703187345,
        15.496272238477104,
        15.438949240284273,
        15.671462196874927,
        15.824753456730832,
        17.083320775149332,
        17.306286920858838,
        18.374136082054974,
        18.964701450415305,
        19.787910517636192,
        20.044750118919183,
        21.294963748521695,
        22.113745617403765,
        20.75714639265425,
        23.8360190834901,
        24.68368480623758,
        25.66693328395195,
        26.229238618543604,
        27.668648163944454,
        28.706828839174705,
        29.709866380413587,
        30.86972198028161,
        31.974272213177755,
        33.05035578373645,
        34.288891521926416,
        35.490096849775,
        36.67419392892407,
        37.89750026450929,
        39.125664046809106,
        40.361138783060596,
        41.60789485254645,
        42.855426393703965,
        42.128900008348865,
        45.0076450697743,
        46.56999110463221,
        47.908706371265,
        49.167774093824846,
        50.449447329272516,
        51.67491170755238,
        52.975592538416095,
        54.26674792220729,
        52.35190910073288,
        52.178226434014505,
        52.10493748651788,
        48.785938331908255,
        51.83954012132017,
        51.77768557812669,
        51.1684334576712,
        52.19550934700237
      ]
    ]
  },
  "lr_3": {
    "lyapunov": [
      0.004102419230925835
    ],
    "corr_dim": [
      1.7666245085925294
    ],
    "pc1": [
      52.85300064086914
    ],
    "pc2": [
      11.988903999328613
    ],
    "sharpness_series": [
      [
        15.642078196869988,
        15.668443554903206,
        16.402072975997726,
        16.794785158661398,
        18.157452807645313,
        19.749697099778132,
        20.935889690335898,
        22.356410281685385,
        23.80261465732474,
        25.35945372661081,
        26.203359237901168,
        28.45628807531466,
        30.489337180610164,
        26.381415405230655,
        34.207430603408284,
        29.2165242218216,
        30.330409936679644,
        31.281734605814563,
        31.24692778242752,
        31.75456129480881,
        31.055574925907422,
        31.34869275350502,
        32.25547827409173,
        32.0974624207156,
        32.46459327056073,
        32.96905362170946,
        32.158632556995144,
        31.615172327845357,
        32.8646245600321,
        32.46654375216167,
        33.73099540550538,
        32.921233998404205,
        31.961170528578805,
        32.67399735944491,
        32.708209051183076,
        33.83819638143905,
        32.76248425731319,
        32.691970430183574,
        33.12116346415132,
        32.90659475029679,
        32.949811986036366,
        33.64588304988865,
        32.571854394394904,
        32.21441974177287,
        31.750644107320113,
        31.7776040538738,
        33.58407553953293,
        33.59911044961336,
        33.90708632963651
      ]
    ]
  },
  "lr_4": {
    "lyapunov": [
      0.00015777996165393415
    ],
    "corr_dim": [
      4.537833276136224
    ],
    "pc1": [
      33.56538772583008
    ],
    "pc2": [
      12.343358039855957
    ],